study	gene	spearman_r	p	n
GC	AA1	0.200825010855406	0.17110215169028983	48
GC	AA2	-0.187147199305254	0.20276824249770556	48
GC	AA3	0.5835866261398176	1.3391889854976745e-05	48
GC	AA4	0.946699956578376	2.8811013434666203e-24	48
GC	AA5	0.8866695614415979	5.116657665413639e-17	48
GC	AA6	0.9423577941815023	1.6651658378791928e-23	48
GC	AA7	0.6672818063395571	2.2244021162150552e-07	48
GC	CBM2	0.8874294398610507	4.4203405883217285e-17	48
GC	CBM3	0.6206076548032119	2.532614212567222e-06	48
GC	CE1	0.7336083369518019	3.006950355774632e-09	48
GC	CE2	0.8821102909248806	1.2048025867286825e-16	48
GC	CE4	0.5140034737299175	0.00018634544324137183	48
GC	CE6	0.7212939756121611	7.330438457060866e-09	48
GC	GH10	0.5333260963960051	9.49901477022421e-05	48
GC	GH11	0.7361050803300043	2.4950005185705186e-09	48
GC	GH12	0.8991532783326095	4.0118992221415745e-18	48
GC	GH13	-0.01020408163265306	0.9451216218815063	48
GC	GH15	0.6308076422058184	1.5402583037570242e-06	48
GC	GH30	0.9706904038211029	3.962933463764182e-30	48
GC	GH31	0.9071862787668258	6.496818411981911e-19	48
GC	GH43	0.8758141554494138	3.716253513431553e-16	48
GC	GH44	0.9318280503690837	7.04221586436117e-22	48
GC	GH48	0.8767911419887103	3.132954160575147e-16	48
GC	GH5	0.8226226660877115	7.403862950494425e-13	48
GC	GH6	0.723947025618758	6.074298273146725e-09	48
GC	GH77	0.3508467216673904	0.014487690887488787	48
GC	GH8	0.845636126791142	3.939052154444088e-14	48
GC	GH9	0.9019756838905775	2.154506458577171e-18	48
GC	GT2	0.21102909248805907	0.14992834909189356	48
GC	GT4	0.6711897524967433	1.7793283228037636e-07	48
GC	alg44	0.8392061204260488	9.360678186594232e-14	48
GC	alg8	0.791709765136877	2.084202473928068e-11	48
GC	algA	0.9180416847590099	4.188329512134986e-20	48
GC	algD	0.7045923394036838	2.2828694125943923e-08	48
GC	algL	0.8919221697061585	1.8209364135831057e-17	48
GC	amiA	0.4110942249240121	0.003700843012087864	48
GC	amiB	0.4110942249240121	0.003700843012087864	48
GC	amiC	0.4110942249240121	0.003700843012087864	48
GC	ampD	0.8830872774641773	1.0058173026374818e-16	48
GC	amyA	0.7726877985236648	1.2449388230061037e-10	48
GC	anmK	0.7831089882761616	4.780670828755581e-11	48
GC	bcsA	0.7084156933912119	1.7724105568741756e-08	48
GC	bcsB	0.6139437059751464	3.472016183697292e-06	48
GC	bcsC	0.6924344320681047	4.9753193040832746e-08	48
GC	bcsZ	0.6849179846199869	7.904948999266742e-08	48
GC	catA	0.8757056013894919	3.7870922623130324e-16	48
GC	catB	0.7990664350846722	9.929451270321627e-12	48
GC	catC	0.8226927252985886	7.342795569142685e-13	48
GC	glgA	0.9785062961354755	3.436817624506988e-33	48
GC	glgB	0.35660008684324795	0.0128512675800023	48
GC	glgC	0.9161962657403386	6.849755197831729e-20	48
GC	glgP	0.5220364741641338	0.0001415131508546983	48
GC	glgX	0.325119409465914	0.024148337086540187	48
GC	glmM	0.5169344333478072	0.00016867646981881637	48
GC	glmS	0.16847590099869736	0.25234493890629356	48
GC	glmU	0.4941380807642206	0.0003576513214715304	48
GC	gmhA	0.8194745983499783	1.0702421897487573e-12	48
GC	gmhB	0.8293530178028659	3.285148229101493e-13	48
GC	gmhC	0.9224924012158054	1.2175100139857088e-20	48
GC	gmhD	0.9192357794181502	3.027735940143341e-20	48
GC	kdsA	0.9353017802865827	2.196377178813491e-22	48
GC	kdsB	0.7917933130699087	2.0670705350180984e-11	48
GC	lpxA	0.7204732957012592	7.76594228663387e-09	48
GC	lpxB	0.8731003039513678	5.927277234494482e-16	48
GC	lpxC	0.6583803734259661	3.6543020627098767e-07	48
GC	lpxD	0.8482414242292661	2.7428049885063844e-14	48
GC	lpxH	0.9021927920104212	2.0522987812039775e-18	48
GC	lpxK	0.8316326530612245	2.474767700408376e-13	48
GC	malZ	0.6782457663916629	1.1789305519924111e-07	48
GC	mraY	-0.2620495006513244	0.07197712848296275	48
GC	murA	0.34910985670864086	0.015015334216305248	48
GC	murB	0.7409900130264871	1.7212088510016822e-09	48
GC	murC	0.5800043421623968	1.556606429939886e-05	48
GC	murD	0.4927268779852366	0.0003740450995598505	48
GC	murE	0.6855188884064265	7.621533113406052e-08	48
GC	murF	0.4281372123317412	0.002399953696578125	48
GC	murG	0.8062310030395137	4.680779216357294e-12	48
GC	murJ	0.6479591836734694	6.402076006457224e-07	48
GC	nagZ	0.7287234042553192	4.306676074669826e-09	48
GC	otsA	0.4787234042553191	0.0005775516561720552	48
GC	otsB	0.765631784628745	2.3140755956390885e-10	48
GC	pbp	0.3876465479808945	0.006484034798661938	48
GC	pcaB	0.411202778983934	0.00369090425455647	48
GC	pcaC	0.8466131133304385	3.441783303943336e-14	48
GC	pcaD	0.7777898393399914	7.842067776774561e-11	48
GC	pcaG	0.47709509335649153	0.0006067521598218425	48
GC	pcaH	0.7831089882761616	4.780670828755581e-11	48
GC	pgaA	0.9246404533164216	6.530212921287766e-21	48
GC	pgaB	0.7158831873694746	1.0684953392742565e-08	48
GC	pgaC	0.9519105514546243	2.8601953810069384e-25	48
GC	pgaD	0.9257219733173173	4.738744166333004e-21	48
GC	phaA	0.7475032566217976	1.0356209981502842e-09	48
GC	phaB	0.8760312635692575	3.5783369526479863e-16	48
GC	phaC	0.8953538862353453	9.00540276859071e-18	48
GC	phaZ	0.864090316977855	2.5949022017699554e-15	48
GC	pslB	0.9180416847590099	4.188329512134986e-20	48
GC	pulA	0.9653721751235153	1.7332382564760067e-28	48
GC	treA	0.9400781589231437	3.9641964243939636e-23	48
GC	treF	0.9400781589231437	3.9641964243939636e-23	48
GC	treS	0.467867998263135	0.000798758082246412	48
GC	treY	0.6330872774641773	1.374848397797007e-06	48
GC	treZ	0.7044072948328266	2.310771782111481e-08	48
GC	waa	0.9469170646982196	2.6290988470130417e-24	48
GC	wcaD	0.6620498313736172	2.984010427629777e-07	48
GC	wcaF	0.5459493475120689	5.979882828390386e-05	48
GC	wcaI	0.8052540165002171	5.1957146513905925e-12	48
GC	wcaJ			48
GC	wza	0.9072948328267477	6.331844723094419e-19	48
GC	wzx			48
GC	wzz			48
OSS	AA1	-0.03562200073827981	0.7906492009556638	58
OSS	AA2	-0.03137737445576112	0.815125831610431	58
OSS	AA3	-0.5383290267011198	1.3085018775956392e-05	58
OSS	AA4	-0.17343423157376647	0.1929249592025114	58
OSS	AA5	0.9627950911222617	1.656118215085303e-33	58
OSS	AA6	-0.22585209794512126	0.08825061123621837	58
OSS	AA7	0.6005906238464379	6.22981706216982e-07	58
OSS	CBM2	0.9485840963186846	1.177245770541869e-29	58
OSS	CBM3	0.9008942970531657	5.9033295037954995e-22	58
OSS	CE1	0.5452811615602314	9.595683341632903e-06	58
OSS	CE2	0.8704137825877698	7.07488177286683e-19	58
OSS	CE4	0.7647348345022765	2.8045751527924783e-12	58
OSS	CE6	0.940815825192674	5.454487830085609e-28	58
OSS	GH10	0.8472307054446531	5.135825295952067e-17	58
OSS	GH11	0.8890856450816422	1.1740961331399444e-20	58
OSS	GH12	0.8403126848615327	1.6104201588999005e-16	58
OSS	GH13	-0.5338993478528363	1.5887474817687734e-05	58
OSS	GH15	0.9246339362618434	3.8137053803749147e-25	58
OSS	GH30	0.739983080915033	3.206294623648752e-11	58
OSS	GH31	0.29463516672819007	0.02476035915040074	58
OSS	GH43	0.6098900254509019	3.735322263449488e-07	58
OSS	GH44	0.8182388412015106	4.422422138466998e-15	58
OSS	GH48	0.9224029526328319	8.375150509017416e-25	58
OSS	GH5	0.9102990033222593	4.1148043334975866e-23	58
OSS	GH6	0.9456956555455146	5.232884662395725e-29	58
OSS	GH77	-0.42309585332841154	0.000936474549891352	58
OSS	GH8	0.026516549772363732	0.8433716144827632	58
OSS	GH9	0.8221429400244067	2.5452939602224032e-15	58
OSS	GT2	-0.0017226528854435833	0.9897604342192667	58
OSS	GT4	0.36870924080226414	0.004399960120879069	58
OSS	alg44	0.7830332409458902	3.793099831937475e-13	58
OSS	alg8	0.7254699780416382	1.1822420005101347e-10	58
OSS	algA	-0.16346745416512862	0.22016187962062622	58
OSS	algD	0.8981697982607816	1.2153428238836428e-21	58
OSS	algL	0.5340369891282714	1.5792609678618877e-05	58
OSS	amiA	0.15700750584471518	0.23918716203860166	58
OSS	amiB	0.15700750584471518	0.23918716203860166	58
OSS	amiC	0.15700750584471518	0.23918716203860166	58
OSS	ampD	0.06859955395720321	0.6088825221432075	58
OSS	amyA	0.6534934720353031	2.68111604146688e-08	58
OSS	anmK	0.14771748492678727	0.26847672912079895	58
OSS	bcsA	0.8241413469871197	1.9083508324367217e-15	58
OSS	bcsB	0.7507731596234851	1.1478065494179059e-11	58
OSS	bcsC	0.7407829479884301	2.976360494710892e-11	58
OSS	bcsZ	0.828728939544103	9.7157280081814e-16	58
OSS	catA	-0.02965423895656454	0.8251140393682186	58
OSS	catB	0.2902714758476097	0.02708104824409162	58
OSS	catC	0.6169201985461304	2.5095870390832793e-07	58
OSS	glgA	0.17614125753660642	0.18596238933240503	58
OSS	glgB	-0.3837824535498955	0.0029397597806123336	58
OSS	glgC	0.7253369781516324	1.196006570514871e-10	58
OSS	glgP	0.7173003568352407	2.377939723421751e-10	58
OSS	glgX	-0.3996554694229114	0.0018831686182473387	58
OSS	glmM	0.16715885320536486	0.20977749987889857	58
OSS	glmS	0.19029162052417872	0.15249298731159894	58
OSS	glmU	0.6490709979082074	3.570262083658042e-08	58
OSS	gmhA	0.8418138205806426	1.2625917232699034e-16	58
OSS	gmhB	0.10182109019318324	0.4469285032538748	58
OSS	gmhC	0.6685290855230314	9.767251085797201e-09	58
OSS	gmhD	-0.06078503752922359	0.6503562880260233	58
OSS	kdsA	-0.21354743447766705	0.10749551462469979	58
OSS	kdsB	-0.20788728928263817	0.11736746500182786	58
OSS	lpxA	0.08016488249046391	0.5497122640944347	58
OSS	lpxB	0.024240187030884708	0.8566693370330891	58
OSS	lpxC	0.014457979574258647	0.9142199102900488	58
OSS	lpxD	-0.13092161929371235	0.32728901397948795	58
OSS	lpxH	-0.048726467331118496	0.7164349887739334	58
OSS	lpxK	0.04217488272436126	0.7532611213946488	58
OSS	malZ	0.5420819490586933	1.1077276434704436e-05	58
OSS	mraY	0.2240679217423404	0.09086025675634893	58
OSS	murA	-0.1755260243632337	0.18752869315700868	58
OSS	murB	0.1076042820228867	0.42140344102775285	58
OSS	murC	0.2823305032607359	0.03177319241865552	58
OSS	murD	0.42488002953119236	0.0008861366052864814	58
OSS	murE	0.5464501045896396	9.101891649681616e-06	58
OSS	murF	0.322566752799311	0.013529440333401236	58
OSS	murG	0.2686723268118617	0.0414232927546719	58
OSS	murJ	0.7380952380952382	3.8178286748454186e-11	58
OSS	nagZ	0.7663959640703829	2.3564277204353878e-12	58
OSS	otsA	-0.5096591608219516	4.384538001432517e-05	58
OSS	otsB	0.23298880275624467	0.0783951730376661	58
OSS	pbp	-0.13639719453672944	0.30728360089181656	58
OSS	pcaB	-0.006152331733727084	0.9634416000818542	58
OSS	pcaC	-0.06379968007874985	0.6342225530785555	58
OSS	pcaD	-0.1301833394856651	0.33004792061563115	58
OSS	pcaG	-0.009720684139288793	0.9422671529369117	58
OSS	pcaH	-0.2895287313891966	0.027493692904573482	58
OSS	pgaA	0.7872871084146751	2.3171834741321387e-13	58
OSS	pgaB	0.6733175382488727	6.995011260924234e-09	58
OSS	pgaC	0.510230494268458	4.284640189533847e-05	58
OSS	pgaD	0.7791563196731732	5.887547392822803e-13	58
OSS	phaA	0.0972683647102252	0.4676100612684091	58
OSS	phaB	-0.13713547434477671	0.3046478472848409	58
OSS	phaC	-0.10895779500430666	0.4155520311856248	58
OSS	phaZ	-0.13658176448874126	0.3066232894978151	58
OSS	pslB	-0.16346745416512862	0.22016187962062622	58
OSS	pulA	0.5809110320316485	1.7463050534990948e-06	58
OSS	treA	-0.06564537959886799	0.6244269652462205	58
OSS	treF	-0.06564537959886799	0.6244269652462205	58
OSS	treS	0.6179401993355482	2.3669523555294297e-07	58
OSS	treY	-0.036483327181001605	0.7857059663175014	58
OSS	treZ	-0.4187892211148026	0.0010687589274024534	58
OSS	waa	-0.20518026331979825	0.1223268943659608	58
OSS	wcaD	0.7031711991791553	7.531686844707619e-10	58
OSS	wcaF	0.8909150469534832	7.557495889954925e-21	58
OSS	wcaI	0.809201168172225	1.5126490690177816e-14	58
OSS	wcaJ	0.546392377387946	9.125712094476241e-06	58
OSS	wza	0.20130429432755018	0.12970317596545783	58
OSS	wzx	0.6792024006136486	4.601598621615536e-09	58
OSS	wzz	0.8449898438004576	7.482049553093948e-17	58
